Cliente,x,Latitud,Longitud,Latitud_Ant,Longitud_Ant,Color1,Color2,Icono
Cliente1,1,19.484870,-99.242133,19.482846,-99.240060,darkred,darkgreen,step-backward
Cliente1,2,19.482846,-99.240060,19.484166,-99.238831,white,green,trash
Cliente1,3,19.484166,-99.238831,19.484303,-99.234625,white,white,map-marker
Cliente1,4,19.484303,-99.234625,19.456273,-99.219442,cadetblue,beige,asterisk
Cliente1,5,19.456273,-99.219442,19.442522,-99.192361,gray,darkpurple,upload
Cliente1,6,19.442522,-99.192361,19.438895,-99.185363,darkgreen,white,folder-open
Cliente1,7,19.438895,-99.185363,19.432355,-99.172396,black,darkpurple,home
Cliente1,8,19.432355,-99.172396,19.463866,-99.158803,lightred,darkgreen,headphones
Cliente1,9,19.463866,-99.158803,19.464976,-99.133502,orange,darkgreen,th-list
Cliente1,10,19.464976,-99.133502,19.449833,-99.100548,white,pink,forward
Cliente1,11,19.449833,-99.100548,19.451898,-99.093992,beige,green,link
Cliente1,12,19.451898,-99.093992,19.436835,-99.071799,lightblue,red,fast-forward
Cliente1,13,19.436835,-99.071799,25.717107,-100.219983,orange,beige,print
Cliente1,14,25.717107,-100.219983,45.672825,-76.024934,cadetblue,darkred,thumbs-down
Cliente1,15,45.672825,-76.024934,51.496385,-0.112776,lightgreen,beige,filter
Cliente1,16,51.496385,-0.112776,50.955665,1.853190,lightred,pink,asterisk
Cliente1,17,50.955665,1.853190,48.856768,2.336888,lightblue,blue,text-height
Cliente1,18,48.856768,2.336888,50.770384,4.678934,lightgray,darkred,magnet
Cliente1,19,50.770384,4.678934,52.208664,4.806047,darkgreen,blue,expand
Cliente1,20,52.208664,4.806047,50.594354,7.171514,pink,lightred,certificate
Cliente1,21,50.594354,7.171514,46.537711,8.291440,green,red,certificate
Cliente1,22,46.537711,8.291440,41.707255,12.907795,red,pink,heart
Cliente1,23,41.707255,12.907795,41.707255,12.907795,cadetblue,gray,cloud
Cliente2,1,19.330193,-99.175457,19.338656,-99.192173,pink,cadetblue,credit-card
Cliente2,2,19.338656,-99.192173,19.361179,-99.189596,green,orange,sort
Cliente2,3,19.361179,-99.189596,19.361179,-99.189596,green,darkpurple,volume-down
Cliente3,1,19.669155,-99.199757,19.428539,-99.173409,lightred,beige,camera
Cliente3,2,19.428539,-99.173409,19.484936,-99.168672,blue,darkblue,dashboard
Cliente3,3,19.484936,-99.168672,19.484677,-99.241925,gray,lightgray,fast-backward
Cliente3,4,19.484677,-99.241925,19.426591,-99.236947,orange,gray,fast-backward
Cliente3,5,19.426591,-99.236947,19.436268,-99.172212,red,orange,expand
Cliente3,6,19.436268,-99.172212,19.485042,-99.171687,white,beige,search
Cliente3,7,19.485042,-99.171687,19.485674,-99.241153,green,orange,star
Cliente3,8,19.485674,-99.241153,19.454383,-99.235302,darkpurple,lightgreen,volume-off
Cliente3,9,19.454383,-99.235302,19.419738,-99.219763,blue,red,minus
Cliente3,10,19.419738,-99.219763,19.425476,-99.177903,darkred,lightred,gbp
Cliente3,11,19.425476,-99.177903,19.425356,-99.171961,red,darkblue,trash
Cliente3,12,19.425356,-99.171961,19.454511,-99.171996,darkgreen,orange,refresh
Cliente3,13,19.454511,-99.171996,19.485019,-99.216621,blue,pink,star
Cliente3,14,19.485019,-99.216621,19.485042,-99.234956,lightred,darkpurple,glass
Cliente3,15,19.485042,-99.234956,19.426116,-99.242138,lightgray,green,align-justify
Cliente3,16,19.426116,-99.242138,19.485042,-99.171961,lightred,orange,chevron-down
Cliente3,17,19.485042,-99.171961,19.426591,-99.241795,green,green,refresh
Cliente3,18,19.426591,-99.241795,19.484537,-99.172126,lightgreen,pink,eject
Cliente3,19,19.484537,-99.172126,19.484848,-99.233570,green,black,qrcode
Cliente3,20,19.484848,-99.233570,19.406265,-99.241276,black,white,italic
Cliente3,21,19.406265,-99.241276,19.421896,-99.188240,lightred,red,book
Cliente3,22,19.421896,-99.188240,19.426603,-99.170648,darkpurple,beige,magnet
Cliente3,23,19.426603,-99.170648,19.428462,-99.171780,purple,purple,phone
Cliente3,24,19.428462,-99.171780,19.426676,-99.168672,pink,orange,signal
Cliente3,25,19.426676,-99.168672,19.428304,-99.171961,gray,blue,align-left
Cliente3,26,19.428304,-99.171961,19.443743,-99.171607,darkgreen,black,sort
Cliente3,27,19.443743,-99.171607,19.485042,-99.199510,lightblue,black,tag
Cliente3,28,19.485042,-99.199510,19.483162,-99.242315,black,lightblue,align-justify
Cliente3,29,19.483162,-99.242315,19.454383,-99.234680,lightred,red,file
Cliente3,30,19.454383,-99.234680,19.426591,-99.218950,white,pink,pencil
Cliente3,31,19.426591,-99.218950,19.451982,-99.171961,lightblue,lightgray,bullhorn
Cliente3,32,19.451982,-99.171961,19.485028,-99.213093,purple,lightblue,film
Cliente3,33,19.485028,-99.213093,19.486545,-99.241968,darkblue,lightgray,pencil
Cliente3,34,19.486545,-99.241968,19.426591,-99.235660,lightblue,beige,volume-off
Cliente3,35,19.426591,-99.235660,19.454319,-99.171961,blue,cadetblue,user
Cliente3,36,19.454319,-99.171961,19.484637,-99.216777,purple,black,barcode
Cliente3,37,19.484637,-99.216777,19.485042,-99.233917,gray,lightgreen,cutlery
Cliente3,38,19.485042,-99.233917,19.482196,-99.241189,darkblue,blue,refresh
Cliente3,39,19.482196,-99.241189,19.426591,-99.233440,darkgreen,lightgray,arrow-down
Cliente3,40,19.426591,-99.233440,19.427369,-99.171961,black,lightblue,file
Cliente3,41,19.427369,-99.171961,19.426591,-99.170977,beige,orange,save
Cliente3,42,19.426591,-99.170977,19.436268,-99.171961,lightblue,darkblue,th-large
Cliente3,43,19.436268,-99.171961,19.484844,-99.172385,cadetblue,lightred,qrcode
Cliente3,44,19.484844,-99.172385,19.484927,-99.241189,darkpurple,darkgreen,italic
Cliente3,45,19.484927,-99.241189,19.426591,-99.234956,blue,darkpurple,save
Cliente3,46,19.426591,-99.234956,19.433161,-99.171996,red,darkgreen,gbp
Cliente3,47,19.433161,-99.171996,19.454383,-99.174541,red,gray,fire
Cliente3,48,19.454383,-99.174541,19.484788,-99.218950,green,purple,cloud-download
Cliente3,49,19.484788,-99.218950,19.485042,-99.233570,purple,gray,glass
Cliente3,50,19.485042,-99.233570,19.484941,-99.242138,green,beige,magnet
Cliente3,51,19.484941,-99.242138,19.426591,-99.236427,darkred,cadetblue,filter
Cliente3,52,19.426591,-99.236427,19.485042,-99.171961,purple,lightgray,camera
Cliente3,53,19.485042,-99.171961,19.483172,-99.241968,red,darkred,pencil
Cliente3,54,19.483172,-99.241968,19.454383,-99.233800,beige,lightgreen,glass
Cliente3,55,19.454383,-99.233800,19.426591,-99.218950,purple,lightgreen,volume-off
Cliente3,56,19.426591,-99.218950,19.451982,-99.171961,blue,lightred,envelope
Cliente3,57,19.451982,-99.171961,19.454511,-99.213093,lightgray,black,certificate
Cliente3,58,19.454511,-99.213093,19.484020,-99.217642,lightgreen,green,list
Cliente3,59,19.484020,-99.217642,19.485042,-99.233787,darkpurple,lightgray,cloud-upload
Cliente3,60,19.485042,-99.233787,19.454383,-99.242138,lightgreen,lightblue,print
Cliente3,61,19.454383,-99.242138,19.426591,-99.218950,pink,lightgray,bold
Cliente3,62,19.426591,-99.218950,19.424757,-99.171961,black,beige,star
Cliente3,63,19.424757,-99.171961,19.426700,-99.173679,purple,red,flash
Cliente3,64,19.426700,-99.173679,19.451982,-99.171961,lightgray,gray,header
Cliente3,65,19.451982,-99.171961,19.455016,-99.213093,lightgreen,darkblue,forward
Cliente3,66,19.455016,-99.213093,19.485035,-99.216608,purple,lightblue,paperclip
Cliente3,67,19.485035,-99.216608,19.485042,-99.233657,beige,darkpurple,minus
Cliente3,68,19.485042,-99.233657,19.484788,-99.242138,blue,beige,play-circle
Cliente3,69,19.484788,-99.242138,19.478144,-99.216113,darkblue,lightgreen,share-alt
Cliente3,70,19.478144,-99.216113,19.425306,-99.188948,orange,darkred,qrcode
Cliente3,71,19.425306,-99.188948,19.427151,-99.194926,blue,darkred,calendar
Cliente3,72,19.427151,-99.194926,19.451982,-99.172126,lightblue,darkgreen,magnet
Cliente3,73,19.451982,-99.172126,19.483929,-99.217296,white,green,cloud-upload
Cliente3,74,19.483929,-99.217296,19.484095,-99.233478,gray,beige,download
Cliente3,75,19.484095,-99.233478,19.484534,-99.242138,darkred,lightred,step-backward
Cliente3,76,19.484534,-99.242138,19.405081,-99.232855,black,black,repeat
Cliente3,77,19.405081,-99.232855,19.396380,-99.095644,lightgray,darkpurple,euro
Cliente3,78,19.396380,-99.095644,19.408114,-99.092753,pink,white,filter
Cliente3,79,19.408114,-99.092753,19.409665,-99.091358,purple,lightgreen,tasks
Cliente3,80,19.409665,-99.091358,19.485028,-99.093839,darkred,black,list-alt
Cliente3,81,19.485028,-99.093839,19.437424,-99.242138,purple,lightblue,flag
Cliente3,82,19.437424,-99.242138,19.433422,-99.146489,darkblue,red,home
Cliente3,83,19.433422,-99.146489,19.436180,-99.146783,lightgray,lightblue,trash
Cliente3,84,19.436180,-99.146783,19.460354,-99.147309,pink,darkred,refresh
Cliente3,85,19.460354,-99.147309,19.460916,-99.215503,lightgreen,gray,plus
Cliente3,86,19.460916,-99.215503,19.484788,-99.214416,darkgreen,white,eject
Cliente3,87,19.484788,-99.214416,19.483521,-99.233570,orange,gray,glass
Cliente3,88,19.483521,-99.233570,19.391614,-99.241189,darkblue,darkgreen,chevron-left
Cliente3,89,19.391614,-99.241189,19.395304,-99.185495,darkgreen,beige,check
Cliente3,90,19.395304,-99.185495,19.394439,-99.175352,lightblue,lightgreen,arrow-down
Cliente3,91,19.394439,-99.175352,19.484788,-99.174598,white,red,home
Cliente3,92,19.484788,-99.174598,19.485042,-99.232855,darkpurple,pink,certificate
Cliente3,93,19.485042,-99.232855,19.422523,-99.242272,orange,pink,search
Cliente3,94,19.422523,-99.242272,19.426591,-99.170655,lightred,pink,check
Cliente3,95,19.426591,-99.170655,19.485028,-99.171961,blue,darkred,cloud-upload
Cliente3,96,19.485028,-99.171961,19.484726,-99.242138,beige,lightgreen,headphones
Cliente3,97,19.484726,-99.242138,19.489280,-99.216993,darkblue,darkred,share
Cliente3,98,19.489280,-99.216993,19.452400,-99.216113,white,darkred,star
Cliente3,99,19.452400,-99.216113,19.419700,-99.164475,green,orange,align-center
Cliente3,100,19.419700,-99.164475,19.421896,-99.176588,darkgreen,white,flag
Cliente3,101,19.421896,-99.176588,19.480795,-99.172126,darkred,black,book
Cliente3,102,19.480795,-99.172126,19.485042,-99.236445,blue,blue,tags
Cliente3,103,19.485042,-99.236445,19.425437,-99.215705,gray,darkblue,certificate
Cliente3,104,19.425437,-99.215705,19.421896,-99.132686,black,orange,film
Cliente3,105,19.421896,-99.132686,19.426591,-99.171304,cadetblue,black,th
Cliente3,106,19.426591,-99.171304,19.428462,-99.171961,beige,darkgreen,volume-up
Cliente3,107,19.428462,-99.171961,19.426591,-99.169185,darkred,blue,comment
Cliente3,108,19.426591,-99.169185,19.485042,-99.171780,black,blue,magnet
Cliente3,109,19.485042,-99.171780,19.423556,-99.242138,darkpurple,purple,font
Cliente3,110,19.423556,-99.242138,19.426591,-99.170396,lightgray,red,volume-down
Cliente3,111,19.426591,-99.170396,19.431411,-99.171961,lightred,darkpurple,signal
Cliente3,112,19.431411,-99.171961,19.426591,-99.169351,gray,green,tag
Cliente3,113,19.426591,-99.169351,19.436268,-99.171961,darkblue,darkred,arrow-down
Cliente3,114,19.436268,-99.171961,19.485042,-99.171687,gray,red,link
Cliente3,115,19.485042,-99.171687,19.485592,-99.242138,gray,lightgray,home
Cliente3,116,19.485592,-99.242138,19.767710,-99.234869,darkgreen,green,adjust
Cliente3,117,19.767710,-99.234869,19.771019,-99.214435,pink,red,align-justify
Cliente3,118,19.771019,-99.214435,19.768367,-99.215190,lightgreen,darkgreen,play
Cliente3,119,19.768367,-99.215190,19.768367,-99.215190,darkgreen,purple,save
Cliente3,120,19.768367,-99.215190,19.775406,-99.214916,lightblue,darkblue,search
Cliente3,121,19.775406,-99.214916,19.768367,-99.207901,darkred,beige,bullhorn
Cliente3,122,19.768367,-99.207901,19.768264,-99.214435,darkgreen,darkred,adjust
Cliente3,123,19.768264,-99.214435,19.485028,-99.217280,lightred,green,plane
Cliente3,124,19.485028,-99.217280,19.481070,-99.242138,lightred,purple,forward
Cliente3,125,19.481070,-99.242138,19.483358,-99.248175,pink,beige,cog
Cliente3,126,19.483358,-99.248175,19.482741,-99.250070,lightgray,lightblue,film
Cliente3,127,19.482741,-99.250070,19.485028,-99.239891,cadetblue,darkpurple,leaf
Cliente3,128,19.485028,-99.239891,19.374609,-99.242138,green,orange,bullhorn
Cliente3,129,19.374609,-99.242138,19.375150,-99.259720,darkblue,black,leaf
Cliente3,130,19.375150,-99.259720,19.426591,-99.258413,lightred,black,retweet
Cliente3,131,19.426591,-99.258413,19.452644,-99.172173,gray,cadetblue,gbp
Cliente3,132,19.452644,-99.172173,19.454561,-99.215389,darkpurple,darkred,chevron-up
Cliente3,133,19.454561,-99.215389,19.484374,-99.216664,beige,red,arrow-up
Cliente3,134,19.484374,-99.216664,19.485036,-99.236774,black,beige,step-forward
Cliente3,135,19.485036,-99.236774,19.374505,-99.242488,darkblue,beige,phone
Cliente3,136,19.374505,-99.242488,19.376017,-99.260790,lightgreen,cadetblue,bold
Cliente3,137,19.376017,-99.260790,19.374880,-99.258031,beige,white,plane
Cliente3,138,19.374880,-99.258031,19.388387,-99.260933,orange,orange,flag
Cliente3,139,19.388387,-99.260933,19.421995,-99.262908,black,white,plus
Cliente3,140,19.421995,-99.262908,19.425524,-99.176321,green,orange,gift
Cliente3,141,19.425524,-99.176321,19.485028,-99.171347,black,red,credit-card
Cliente3,142,19.485028,-99.171347,19.427035,-99.242127,pink,darkgreen,music
Cliente3,143,19.427035,-99.242127,19.377567,-99.206001,orange,purple,refresh
Cliente3,144,19.377567,-99.206001,19.375365,-99.252532,darkblue,gray,heart
Cliente3,145,19.375365,-99.252532,19.425065,-99.258445,gray,red,pencil
Cliente3,146,19.425065,-99.258445,19.426577,-99.168782,pink,darkred,forward
Cliente3,147,19.426577,-99.168782,19.428591,-99.241968,gray,cadetblue,arrow-left
Cliente3,148,19.428591,-99.241968,19.485247,-99.235345,lightgray,white,step-forward
Cliente3,149,19.485247,-99.235345,19.484423,-99.171961,orange,beige,minus
Cliente3,150,19.484423,-99.171961,19.426243,-99.171687,red,white,lock
Cliente3,151,19.426243,-99.171687,19.435762,-99.242138,darkpurple,cadetblue,tasks
Cliente3,152,19.435762,-99.242138,19.485296,-99.235421,lightgray,orange,random
Cliente3,153,19.485296,-99.235421,19.485369,-99.218950,black,lightblue,cloud-download
Cliente3,154,19.485369,-99.218950,19.453794,-99.175435,lightgray,black,play
Cliente3,155,19.453794,-99.175435,19.418238,-99.171996,green,red,list
Cliente3,156,19.418238,-99.171996,19.426443,-99.172173,darkblue,purple,cloud-download
Cliente3,157,19.426443,-99.172173,19.425842,-99.216621,pink,green,film
Cliente3,158,19.425842,-99.216621,19.454544,-99.234956,darkblue,darkred,signal
Cliente3,159,19.454544,-99.234956,19.485043,-99.242138,lightgray,lightblue,leaf
Cliente3,160,19.485043,-99.242138,19.426426,-99.242138,red,black,pause
Cliente3,161,19.426426,-99.242138,19.485502,-99.171961,pink,orange,filter
Cliente3,162,19.485502,-99.171961,19.426144,-99.233570,white,darkred,arrow-right
Cliente3,163,19.426144,-99.233570,19.484577,-99.241982,cadetblue,gray,glass
Cliente3,164,19.484577,-99.241982,19.422371,-99.172472,red,orange,inbox
Cliente3,165,19.422371,-99.172472,19.427111,-99.168672,white,pink,star
Cliente3,166,19.427111,-99.168672,19.427975,-99.172088,beige,darkgreen,euro
Cliente3,167,19.427975,-99.172088,19.427353,-99.171607,green,darkblue,chevron-right
Cliente3,168,19.427353,-99.171607,19.428293,-99.199688,purple,darkblue,eject
Cliente3,169,19.428293,-99.199688,19.444494,-99.242138,red,darkblue,link
Cliente3,170,19.444494,-99.242138,19.484947,-99.234141,darkred,beige,thumbs-down
Cliente3,171,19.484947,-99.234141,19.484261,-99.218950,cadetblue,orange,th-list
Cliente3,172,19.484261,-99.218950,19.454163,-99.171961,gray,lightgray,backward
Cliente3,173,19.454163,-99.171961,19.426426,-99.213093,darkred,beige,dashboard
Cliente3,174,19.426426,-99.213093,19.450706,-99.241968,cadetblue,pink,eject
Cliente3,175,19.450706,-99.241968,19.485411,-99.235785,lightgray,darkpurple,leaf
Cliente3,176,19.485411,-99.235785,19.486473,-99.171961,lightblue,red,stop
Cliente3,177,19.486473,-99.171961,19.426426,-99.216820,green,darkgreen,user
Cliente3,178,19.426426,-99.216820,19.454624,-99.235215,darkpurple,green,align-right
Cliente3,179,19.454624,-99.235215,19.484489,-99.242138,blue,red,align-justify
Cliente3,180,19.484489,-99.242138,19.485312,-99.233440,lightred,blue,step-forward
Cliente3,181,19.485312,-99.233440,19.482197,-99.171961,orange,darkpurple,text-width
Cliente3,182,19.482197,-99.171961,19.426443,-99.171264,darkred,darkblue,tag
Cliente3,183,19.426443,-99.171264,19.426983,-99.171961,red,pink,send
Cliente3,184,19.426983,-99.171961,19.427349,-99.171687,lightgray,cadetblue,bold
Cliente3,185,19.427349,-99.171687,19.436642,-99.241968,lightred,darkblue,download
Cliente3,186,19.436642,-99.241968,19.485312,-99.234956,black,black,phone
Cliente3,187,19.485312,-99.234956,19.484961,-99.171961,beige,darkpurple,backward
Cliente3,188,19.484961,-99.171961,19.425842,-99.174541,green,darkgreen,share
Cliente3,189,19.425842,-99.174541,19.433958,-99.218950,lightgray,lightred,user
Cliente3,190,19.433958,-99.218950,19.453600,-99.232855,pink,orange,italic
Cliente3,191,19.453600,-99.232855,19.485092,-99.242138,darkpurple,lightblue,shopping-cart
Cliente3,192,19.485092,-99.242138,19.485178,-99.235619,orange,orange,globe
Cliente3,193,19.485178,-99.235619,19.426426,-99.242138,lightred,cadetblue,folder-open
Cliente3,194,19.426426,-99.242138,19.485411,-99.233786,cadetblue,darkpurple,font
Cliente3,195,19.485411,-99.233786,19.483206,-99.218950,purple,beige,link
Cliente3,196,19.483206,-99.218950,19.453831,-99.171961,lightgray,pink,glass
Cliente3,197,19.453831,-99.171961,19.426426,-99.213093,green,blue,share
Cliente3,198,19.426426,-99.213093,19.451801,-99.216621,darkred,green,certificate
Cliente3,199,19.451801,-99.216621,19.455009,-99.233787,blue,blue,qrcode
Cliente3,200,19.455009,-99.233787,19.483976,-99.242138,darkred,darkgreen,cloud-download
Cliente3,201,19.483976,-99.242138,19.454287,-99.171961,lightgreen,gray,random
Cliente3,202,19.454287,-99.171961,19.426443,-99.173679,darkgreen,darkblue,cloud-download
Cliente3,203,19.426443,-99.173679,19.424738,-99.171922,black,blue,arrow-right
Cliente3,204,19.424738,-99.171922,19.426426,-99.213093,green,darkgreen,book
Cliente3,205,19.426426,-99.213093,19.452650,-99.216690,lightblue,darkgreen,flag
Cliente3,206,19.452650,-99.216690,19.454784,-99.234275,lightblue,black,dashboard
Cliente3,207,19.454784,-99.234275,19.484982,-99.242138,orange,darkblue,pause
Cliente3,208,19.484982,-99.242138,19.485134,-99.232855,lightgreen,blue,pause
Cliente3,209,19.485134,-99.232855,19.425802,-99.171650,pink,cadetblue,save
Cliente3,210,19.425802,-99.171650,19.426069,-99.213093,blue,darkpurple,euro
Cliente3,211,19.426069,-99.213093,19.454376,-99.233549,darkblue,orange,volume-off
Cliente3,212,19.454376,-99.233549,19.483919,-99.241319,darkpurple,blue,chevron-left
Cliente3,213,19.483919,-99.241319,19.484152,-99.233531,darkpurple,lightgreen,font
Cliente3,214,19.484152,-99.233531,19.485102,-99.095644,darkred,green,fast-backward
Cliente3,215,19.485102,-99.095644,19.406603,-99.092753,darkblue,lightgray,fast-forward
Cliente3,216,19.406603,-99.092753,19.397499,-99.091358,darkgreen,darkblue,minus
Cliente3,217,19.397499,-99.091358,19.408707,-99.093839,darkpurple,pink,search
Cliente3,218,19.408707,-99.093839,19.409685,-99.241968,lightred,darkpurple,lock
Cliente3,219,19.409685,-99.241968,19.485134,-99.146471,blue,gray,star
Cliente3,220,19.485134,-99.146471,19.437481,-99.146909,white,lightgray,usd
Cliente3,221,19.437481,-99.146909,19.434071,-99.146956,red,black,align-justify
Cliente3,222,19.434071,-99.146956,19.460155,-99.214416,pink,darkblue,bullhorn
Cliente3,223,19.460155,-99.214416,19.460955,-99.232855,white,darkpurple,trash
Cliente3,224,19.460955,-99.232855,19.484751,-99.240843,darkblue,green,bookmark
Cliente3,225,19.484751,-99.240843,19.391600,-99.175352,red,lightgray,link
Cliente3,226,19.391600,-99.175352,19.395182,-99.173727,orange,white,list
Cliente3,227,19.395182,-99.173727,19.485121,-99.242138,green,beige,usd
Cliente3,228,19.485121,-99.242138,19.422180,-99.171961,gray,red,signal
Cliente3,229,19.422180,-99.171961,19.426434,-99.241968,blue,darkblue,home
Cliente3,230,19.426434,-99.241968,19.485350,-99.234757,green,purple,chevron-down
Cliente3,231,19.485350,-99.234757,19.426146,-99.238478,darkblue,darkblue,qrcode
Cliente3,232,19.426146,-99.238478,19.478426,-99.242138,orange,orange,cutlery
Cliente3,233,19.478426,-99.242138,19.424738,-99.171961,lightred,lightred,retweet
Cliente3,234,19.424738,-99.171961,19.427399,-99.168493,orange,blue,volume-up
Cliente3,235,19.427399,-99.168493,19.428341,-99.171961,pink,orange,file
Cliente3,236,19.428341,-99.171961,19.427114,-99.242138,darkblue,darkblue,folder-open
Cliente3,237,19.427114,-99.242138,19.422665,-99.171961,purple,lightgray,flash
Cliente3,238,19.422665,-99.171961,19.427399,-99.169351,black,darkgreen,barcode
Cliente3,239,19.427399,-99.169351,19.431311,-99.171961,purple,green,bold
Cliente3,240,19.431311,-99.171961,19.426434,-99.171687,orange,blue,forward
Cliente3,241,19.426434,-99.171687,19.436083,-99.242138,darkblue,lightred,font
Cliente3,242,19.436083,-99.242138,19.484198,-99.235326,white,darkpurple,step-forward
Cliente3,243,19.484198,-99.235326,19.485119,-99.214994,orange,lightred,share
Cliente3,244,19.485119,-99.214994,19.768393,-99.215190,lightgray,lightgray,random
Cliente3,245,19.768393,-99.215190,19.771019,-99.214435,pink,gray,adjust
Cliente3,246,19.771019,-99.214435,19.769238,-99.214435,lightgreen,lightblue,headphones
Cliente3,247,19.769238,-99.214435,19.768095,-99.207901,blue,lightgray,align-justify
Cliente3,248,19.768095,-99.207901,19.776346,-99.214435,darkblue,darkgreen,font
Cliente3,249,19.776346,-99.214435,19.768393,-99.217280,lightgray,darkred,text-height
Cliente3,250,19.768393,-99.217280,19.768257,-99.241968,purple,blue,plane
Cliente3,251,19.768257,-99.241968,19.485134,-99.249155,darkpurple,purple,align-left
Cliente3,252,19.485134,-99.249155,19.480804,-99.249415,pink,lightred,leaf
Cliente3,253,19.480804,-99.249415,19.484596,-99.239891,orange,green,globe
Cliente3,254,19.484596,-99.239891,19.482765,-99.241968,lightgreen,pink,eject
Cliente3,255,19.482765,-99.241968,19.373966,-99.258413,white,lightblue,calendar
Cliente3,256,19.373966,-99.258413,19.375444,-99.171961,purple,lightred,film
Cliente3,257,19.375444,-99.171961,19.425344,-99.215348,pink,darkblue,qrcode
Cliente3,258,19.425344,-99.215348,19.452583,-99.216664,purple,darkgreen,tags
Cliente3,259,19.452583,-99.216664,19.454557,-99.236774,darkpurple,red,th-large
Cliente3,260,19.454557,-99.236774,19.484440,-99.242127,lightred,black,random
Cliente3,261,19.484440,-99.242127,19.485153,-99.260990,black,green,music
Cliente3,262,19.485153,-99.260990,19.374878,-99.258445,darkpurple,darkblue,inbox
Cliente3,263,19.374878,-99.258445,19.375956,-99.260933,cadetblue,lightgreen,minus
Cliente3,264,19.375956,-99.260933,19.374874,-99.262908,lightred,darkblue,italic
Cliente3,265,19.374874,-99.262908,19.388365,-99.176192,red,lightblue,pencil
Cliente3,266,19.388365,-99.176192,19.422007,-99.171953,lightgray,lightgray,text-width
Cliente3,267,19.422007,-99.171953,19.427326,-99.241968,black,lightred,step-backward
Cliente3,268,19.427326,-99.241968,19.485136,-99.205698,lightgray,white,paperclip
Cliente3,269,19.485136,-99.205698,19.426973,-99.260586,black,lightblue,eject
Cliente3,270,19.426973,-99.260586,19.387455,-99.258594,pink,purple,bell
Cliente3,271,19.387455,-99.258594,19.376060,-99.191899,lightgreen,red,fast-backward
Cliente3,272,19.376060,-99.191899,19.428532,-99.172348,darkblue,lightgray,fast-forward
Cliente3,273,19.428532,-99.172348,19.484791,-99.168739,cadetblue,pink,film
Cliente3,274,19.484791,-99.168739,19.484423,-99.242134,gray,darkpurple,volume-off
Cliente3,275,19.484423,-99.242134,19.399757,-99.236938,beige,orange,arrow-up
Cliente3,276,19.399757,-99.236938,19.429808,-99.172218,darkpurple,green,sort
Cliente3,277,19.429808,-99.172218,19.438593,-99.169754,cadetblue,lightgray,random
Cliente3,278,19.438593,-99.169754,19.485750,-99.241188,black,white,shopping-cart
Cliente3,279,19.485750,-99.241188,19.454163,-99.235115,red,red,star
Cliente3,280,19.454163,-99.235115,19.430073,-99.219795,darkpurple,darkgreen,link
Cliente3,281,19.430073,-99.219795,19.425442,-99.177986,white,white,magnet
Cliente3,282,19.425442,-99.177986,19.425371,-99.172279,darkgreen,gray,volume-up
Cliente3,283,19.425371,-99.172279,19.433252,-99.172005,beige,lightred,backward
Cliente3,284,19.433252,-99.172005,19.460903,-99.216667,beige,lightgreen,align-right
Cliente3,285,19.460903,-99.216667,19.485134,-99.234901,lightgray,white,bullhorn
Cliente3,286,19.485134,-99.234901,19.427746,-99.172310,lightgray,purple,sort
Cliente3,287,19.427746,-99.172310,19.484409,-99.241821,lightgray,beige,asterisk
Cliente3,288,19.484409,-99.241821,19.433529,-99.172165,lightblue,lightgray,chevron-right
Cliente3,289,19.433529,-99.172165,19.483984,-99.233734,white,gray,tags
Cliente3,290,19.483984,-99.233734,19.426611,-99.170647,pink,lightred,align-justify
Cliente3,291,19.426611,-99.170647,19.428558,-99.171791,blue,red,credit-card
Cliente3,292,19.428558,-99.171791,19.427404,-99.169769,lightgray,orange,text-width
Cliente3,293,19.427404,-99.169769,19.428310,-99.171280,darkred,red,pause
Cliente3,294,19.428310,-99.171280,19.440126,-99.171631,orange,gray,align-justify
Cliente3,295,19.440126,-99.171631,19.492142,-99.199516,lightblue,gray,bell
Cliente3,296,19.492142,-99.199516,19.484261,-99.242287,red,purple,share-alt
Cliente3,297,19.484261,-99.242287,19.454704,-99.234657,cadetblue,black,comment
Cliente3,298,19.454704,-99.234657,19.403738,-99.219604,darkpurple,purple,magnet
Cliente3,299,19.403738,-99.219604,19.433203,-99.172310,lightgray,darkred,globe
Cliente3,300,19.433203,-99.172310,19.452873,-99.212959,beige,blue,gift
Cliente3,301,19.452873,-99.212959,19.486580,-99.241982,darkpurple,green,print
Cliente3,302,19.486580,-99.241982,19.487288,-99.235657,lightgray,white,qrcode
Cliente3,303,19.487288,-99.235657,19.433268,-99.172310,lightred,beige,film
Cliente3,304,19.433268,-99.172310,19.484489,-99.216751,green,darkgreen,envelope
Cliente3,305,19.484489,-99.216751,19.483307,-99.233887,darkpurple,cadetblue,link
Cliente3,306,19.483307,-99.233887,19.482191,-99.241234,white,lightred,paperclip
Cliente3,307,19.482191,-99.241234,19.465508,-99.233444,darkpurple,cadetblue,calendar
Cliente3,308,19.465508,-99.233444,19.427361,-99.172279,darkred,lightred,plus
Cliente3,309,19.427361,-99.172279,19.426443,-99.171005,lightblue,darkgreen,folder-open
Cliente3,310,19.426443,-99.171005,19.436001,-99.171371,purple,lightgreen,volume-up
Cliente3,311,19.436001,-99.171371,19.492041,-99.172386,gray,beige,file
Cliente3,312,19.492041,-99.172386,19.484396,-99.241234,lightgray,darkred,step-backward
Cliente3,313,19.484396,-99.241234,19.402269,-99.234886,darkgreen,lightgreen,retweet
Cliente3,314,19.402269,-99.234886,19.433149,-99.172005,purple,gray,arrow-right
Cliente3,315,19.433149,-99.172005,19.437309,-99.174950,purple,cadetblue,th
Cliente3,316,19.437309,-99.174950,19.483950,-99.216240,darkpurple,darkblue,arrow-right
Cliente3,317,19.483950,-99.216240,19.484152,-99.233582,green,lightgray,thumbs-down
Cliente3,318,19.484152,-99.233582,19.484146,-99.240845,pink,purple,road
Cliente3,319,19.484146,-99.240845,19.485134,-99.172310,darkblue,black,fire
Cliente3,320,19.485134,-99.172310,19.484348,-99.241982,lightred,darkred,camera
Cliente3,321,19.484348,-99.241982,19.454576,-99.233810,darkgreen,gray,align-left
Cliente3,322,19.454576,-99.233810,19.422607,-99.220024,black,darkblue,magnet
Cliente3,323,19.422607,-99.220024,19.433218,-99.172310,gray,green,dashboard
Cliente3,324,19.433218,-99.172310,19.454544,-99.212692,gray,lightgray,expand
Cliente3,325,19.454544,-99.212692,19.483976,-99.217804,cadetblue,black,trash
Cliente3,326,19.483976,-99.217804,19.484152,-99.233871,darkpurple,lightgreen,list-alt
Cliente3,327,19.484152,-99.233871,19.399275,-99.219955,darkred,lightgreen,paperclip
Cliente3,328,19.399275,-99.219955,19.424738,-99.172279,red,lightred,barcode
Cliente3,329,19.424738,-99.172279,19.427017,-99.173660,orange,red,stop
Cliente3,330,19.427017,-99.173660,19.433268,-99.172310,white,darkgreen,comment
Cliente3,331,19.433268,-99.172310,19.454893,-99.215508,gray,orange,retweet
Cliente3,332,19.454893,-99.215508,19.485016,-99.216614,darkgreen,cadetblue,pause
Cliente3,333,19.485016,-99.216614,19.483480,-99.233612,lightred,darkgreen,qrcode
Cliente3,334,19.483480,-99.233612,19.485369,-99.242241,darkgreen,green,font
Cliente3,335,19.485369,-99.242241,19.425140,-99.195496,darkblue,lightred,bold
Cliente3,336,19.425140,-99.195496,19.433290,-99.172127,darkpurple,darkgreen,minus
Cliente3,337,19.433290,-99.172127,19.483936,-99.217285,orange,lightblue,wrench
Cliente3,338,19.483936,-99.217285,19.484072,-99.233490,orange,cadetblue,volume-off
Cliente3,339,19.484072,-99.233490,19.484367,-99.241425,darkred,lightred,signal
Cliente3,340,19.484367,-99.241425,19.485094,-99.232521,cadetblue,green,th-large
Cliente3,341,19.485094,-99.232521,19.396761,-99.092903,red,cadetblue,arrow-down
Cliente3,342,19.396761,-99.092903,19.417437,-99.088509,purple,lightred,flash
Cliente3,343,19.417437,-99.088509,19.409653,-99.092644,black,darkblue,shopping-cart
Cliente3,344,19.409653,-99.092644,19.484837,-99.093826,red,lightblue,paperclip
Cliente3,345,19.484837,-99.093826,19.437443,-99.242241,lightgray,black,thumbs-up
Cliente3,346,19.437443,-99.242241,19.436117,-99.146507,cadetblue,lightgreen,text-height
Cliente3,347,19.436117,-99.146507,19.436197,-99.146782,purple,blue,paperclip
Cliente3,348,19.436197,-99.146782,19.460957,-99.215508,darkblue,cadetblue,credit-card
Cliente3,349,19.460957,-99.215508,19.485121,-99.214523,darkred,pink,trash
Cliente3,350,19.485121,-99.214523,19.483559,-99.233681,lightred,darkpurple,italic
Cliente3,351,19.483559,-99.233681,19.391819,-99.185783,purple,pink,send
Cliente3,352,19.391819,-99.185783,19.393570,-99.175720,white,green,list-alt
Cliente3,353,19.393570,-99.175720,19.483984,-99.232544,gray,red,repeat
Cliente3,354,19.483984,-99.232544,19.426443,-99.170654,darkgreen,blue,adjust
Cliente3,355,19.426443,-99.170654,19.443113,-99.172310,gray,lightgreen,credit-card
Cliente3,356,19.443113,-99.172310,19.484121,-99.241348,lightgray,lightgreen,share-alt
Cliente3,357,19.484121,-99.241348,19.443409,-99.172157,white,beige,play
Cliente3,358,19.443409,-99.172157,19.485134,-99.236389,lightgray,blue,repeat
Cliente3,359,19.485134,-99.236389,19.423380,-99.171326,cadetblue,darkred,retweet
Cliente3,360,19.423380,-99.171326,19.428459,-99.171349,gray,black,align-right
Cliente3,361,19.428459,-99.171349,19.427404,-99.169182,red,darkgreen,save
Cliente3,362,19.427404,-99.169182,19.485134,-99.171844,purple,white,tag
Cliente3,363,19.485134,-99.171844,19.426443,-99.170380,white,orange,cog
Cliente3,364,19.426443,-99.170380,19.429066,-99.171349,darkgreen,green,gbp
Cliente3,365,19.429066,-99.171349,19.428646,-99.169296,darkgreen,darkblue,stop
Cliente3,366,19.428646,-99.169296,19.436001,-99.172310,gray,pink,list
Cliente3,367,19.436001,-99.172310,19.479509,-99.172119,lightgray,beige,sort
Cliente3,368,19.479509,-99.172119,19.484514,-99.241478,gray,blue,flag
Cliente3,369,19.484514,-99.241478,19.767612,-99.234863,beige,darkpurple,trash
Cliente3,370,19.767612,-99.234863,19.771019,-99.214424,lightblue,lightgreen,forward
Cliente3,371,19.771019,-99.214424,19.768393,-99.215210,lightred,beige,bell
Cliente3,372,19.768393,-99.215210,19.768393,-99.214828,darkgreen,black,chevron-down
Cliente3,373,19.768393,-99.214828,19.768208,-99.214882,red,beige,envelope
Cliente3,374,19.768208,-99.214882,19.770939,-99.209503,orange,lightgray,fire
Cliente3,375,19.770939,-99.209503,19.768049,-99.214424,white,gray,barcode
Cliente3,376,19.768049,-99.214424,19.484837,-99.217354,darkblue,purple,refresh
Cliente3,377,19.484837,-99.217354,19.481010,-99.242241,cadetblue,beige,heart
Cliente3,378,19.481010,-99.242241,19.483461,-99.248245,black,lightred,tag
Cliente3,379,19.483461,-99.248245,19.482765,-99.250412,darkblue,cadetblue,music
Cliente3,380,19.482765,-99.250412,19.484837,-99.239883,white,lightblue,glass
Cliente3,381,19.484837,-99.239883,19.375189,-99.259895,lightgreen,pink,usd
Cliente3,382,19.375189,-99.259895,19.415379,-99.257935,darkblue,lightgray,th
Cliente3,383,19.415379,-99.257935,19.433325,-99.172165,gray,darkblue,retweet
Cliente3,384,19.433325,-99.172165,19.454556,-99.215469,lightred,darkblue,send
Cliente3,385,19.454556,-99.215469,19.484440,-99.216660,red,black,gbp
Cliente3,386,19.484440,-99.216660,19.483984,-99.236778,darkred,lightblue,tasks
Cliente3,387,19.483984,-99.236778,19.396994,-99.242516,beige,darkred,upload
Cliente3,388,19.396994,-99.242516,19.375315,-99.260696,white,darkred,thumbs-down
Cliente3,389,19.375315,-99.260696,19.374985,-99.258102,white,darkblue,barcode
Cliente3,390,19.374985,-99.258102,19.387344,-99.260925,beige,purple,cutlery
Cliente3,391,19.387344,-99.260925,19.408974,-99.262848,darkgreen,pink,pause
Cliente3,392,19.408974,-99.262848,19.425472,-99.176308,pink,purple,flash
Cliente3,393,19.425472,-99.176308,19.484837,-99.171356,darkgreen,gray,bell
Cliente3,394,19.484837,-99.171356,19.426991,-99.242241,darkblue,beige,eject
Cliente3,395,19.426991,-99.242241,19.421602,-99.206001,purple,darkgreen,cutlery
Cliente3,396,19.421602,-99.206001,19.375645,-99.252533,white,purple,random
Cliente3,397,19.375645,-99.252533,19.424608,-99.258347,lightred,darkgreen,link
Cliente3,398,19.424608,-99.258347,19.424608,19.424608,lightgreen,darkpurple,text-width
Cliente4,1,19.330241,-99.175700,19.333505,-99.176827,lightred,orange,save
Cliente4,2,19.333505,-99.176827,19.330311,-99.175922,darkred,lightgreen,align-justify
Cliente4,3,19.330311,-99.175922,19.330232,-99.175755,beige,red,arrow-left
Cliente4,4,19.330232,-99.175755,19.330148,-99.175767,blue,pink,volume-down
Cliente4,5,19.330148,-99.175767,19.338062,-99.183611,red,darkpurple,print
Cliente4,6,19.338062,-99.183611,19.374333,-99.205653,darkpurple,orange,dashboard
Cliente4,7,19.374333,-99.205653,19.330243,-99.175697,darkgreen,black,cloud-download
Cliente4,8,19.330243,-99.175697,19.334462,-99.176714,green,lightgreen,upload
Cliente4,9,19.334462,-99.176714,19.330240,-99.175691,red,lightgreen,th-large
Cliente4,10,19.330240,-99.175691,19.334075,-99.176926,darkblue,cadetblue,phone
Cliente4,11,19.334075,-99.176926,19.330255,-99.175695,beige,cadetblue,qrcode
Cliente4,12,19.330255,-99.175695,19.333714,-99.177127,darkpurple,red,step-backward
Cliente4,13,19.333714,-99.177127,19.330371,-99.175937,darkpurple,lightred,flash
Cliente4,14,19.330371,-99.175937,19.371761,-99.179808,darkblue,gray,volume-down
Cliente4,15,19.371761,-99.179808,19.339861,-99.193125,red,white,road
Cliente4,16,19.339861,-99.193125,19.330259,-99.175698,beige,white,cloud-upload
Cliente4,17,19.330259,-99.175698,19.361462,-99.274555,lightgreen,white,chevron-right
Cliente4,18,19.361462,-99.274555,19.335508,-99.181244,lightred,cadetblue,certificate
Cliente4,19,19.335508,-99.181244,19.330246,-99.175705,orange,blue,cloud-download
Cliente4,20,19.330246,-99.175705,19.334622,-99.178027,lightblue,purple,asterisk
Cliente4,21,19.334622,-99.178027,19.330396,-99.175893,red,orange,fast-forward
Cliente4,22,19.330396,-99.175893,19.406725,-99.155320,darkpurple,beige,share
Cliente4,23,19.406725,-99.155320,19.330255,-99.175696,white,white,plus
Cliente4,24,19.330255,-99.175696,19.334765,-99.178928,pink,lightgreen,music
Cliente4,25,19.334765,-99.178928,19.335184,-99.180161,beige,blue,adjust
Cliente4,26,19.335184,-99.180161,19.330328,-99.175671,beige,blue,share-alt
Cliente4,27,19.330328,-99.175671,19.304104,-99.190097,white,darkpurple,bookmark
Cliente4,28,19.304104,-99.190097,19.331113,-99.176202,darkblue,darkpurple,sort
Cliente4,29,19.331113,-99.176202,19.373807,-99.207022,pink,darkpurple,road
Cliente4,30,19.373807,-99.207022,19.330313,-99.175825,beige,darkpurple,arrow-right
Cliente4,31,19.330313,-99.175825,19.334619,-99.178023,pink,purple,arrow-left
Cliente4,32,19.334619,-99.178023,19.330956,-99.176180,darkblue,gray,arrow-down
Cliente4,33,19.330956,-99.176180,19.336715,-99.182038,white,lightgreen,pause
Cliente4,34,19.336715,-99.182038,-99.176804,27.964457,purple,lightblue,bold
Cliente4,35,-99.176804,27.964457,-99.175726,27.964457,white,lightgray,sort
Cliente4,36,-99.175726,27.964457,-99.175869,27.964457,cadetblue,darkgreen,upload
Cliente4,37,-99.175869,27.964457,-99.175694,27.964457,red,lightblue,volume-off
Cliente4,38,-99.175694,27.964457,-99.182116,27.964457,darkred,lightgray,share
Cliente4,39,-99.182116,27.964457,-99.206531,27.964457,white,white,inbox
Cliente4,40,-99.206531,27.964457,-99.175691,27.964457,lightblue,beige,qrcode
Cliente4,41,-99.175691,27.964457,-99.176912,27.964457,darkpurple,green,expand
Cliente4,42,-99.176912,27.964457,-99.176216,27.964457,gray,darkpurple,arrow-right
Cliente4,43,-99.176216,27.964457,-99.176865,27.964457,cadetblue,red,flash
Cliente4,44,-99.176865,27.964457,-99.175779,27.964457,darkpurple,cadetblue,play
Cliente4,45,-99.175779,27.964457,-99.177140,27.964457,pink,gray,book
Cliente4,46,-99.177140,27.964457,-99.176217,27.964457,black,purple,filter
Cliente4,47,-99.176217,27.964457,-99.178936,27.964457,lightgray,lightred,credit-card
Cliente4,48,-99.178936,27.964457,-99.193552,27.964457,green,red,shopping-cart
Cliente4,49,-99.193552,27.964457,-99.175698,27.964457,lightgray,beige,save
Cliente4,50,-99.175698,27.964457,-99.273791,27.964457,beige,cadetblue,volume-up
Cliente4,51,-99.273791,27.964457,-99.181881,27.964457,green,darkred,volume-down
Cliente4,52,-99.181881,27.964457,-99.175248,27.964457,blue,red,chevron-right
Cliente4,53,-99.175248,27.964457,-99.177423,27.964457,gray,darkgreen,step-backward
Cliente4,54,-99.177423,27.964457,-99.175760,27.964457,darkpurple,pink,user
Cliente4,55,-99.175760,27.964457,-99.156253,27.964457,beige,darkred,dashboard
Cliente4,56,-99.156253,27.964457,-99.175641,27.964457,white,darkblue,bell
Cliente4,57,-99.175641,27.964457,-99.177227,27.964457,black,darkblue,step-backward
Cliente4,58,-99.177227,27.964457,-99.180284,27.964457,green,lightgray,refresh
Cliente4,59,-99.180284,27.964457,-99.175697,27.964457,black,darkgreen,chevron-right
Cliente4,60,-99.175697,27.964457,-99.188775,27.964457,lightgray,darkred,step-forward
Cliente4,61,-99.188775,27.964457,-99.175701,27.964457,lightblue,blue,chevron-down
Cliente4,62,-99.175701,27.964457,-99.205449,27.964457,red,lightgreen,road
Cliente4,63,-99.205449,27.964457,-99.175623,27.964457,orange,lightblue,download
Cliente4,64,-99.175623,27.964457,-99.178032,27.964457,darkgreen,green,random
Cliente4,65,-99.178032,27.964457,-99.175785,27.964457,darkgreen,orange,plane
Cliente4,66,-99.175785,27.964457,-99.183919,27.964457,darkpurple,lightblue,minus
Cliente4,67,-99.183919,27.964457,-99.176189,27.964457,darkpurple,lightgray,book
Cliente4,68,-99.176189,27.964457,27.964457,19.333386,lightblue,darkred,share
Cliente4,69,27.964457,19.333386,27.964457,19.330253,darkpurple,cadetblue,fast-backward
Cliente4,70,27.964457,19.330253,27.964457,19.330271,beige,white,volume-down
Cliente4,71,27.964457,19.330271,27.964457,19.330243,black,white,lock
Cliente4,72,27.964457,19.330243,27.964457,19.337036,pink,darkblue,glass
Cliente4,73,27.964457,19.337036,27.964457,19.374929,darkgreen,darkblue,folder-open
Cliente4,74,27.964457,19.374929,27.964457,19.330235,darkred,lightred,refresh
Cliente4,75,27.964457,19.330235,27.964457,19.334192,lightgreen,darkblue,film
Cliente4,76,27.964457,19.334192,27.964457,19.331242,darkblue,lightgreen,link
Cliente4,77,27.964457,19.331242,27.964457,19.334302,darkblue,darkred,book
Cliente4,78,27.964457,19.334302,27.964457,19.330207,pink,black,bold
Cliente4,79,27.964457,19.330207,27.964457,19.333922,lightblue,darkblue,align-left
Cliente4,80,27.964457,19.333922,27.964457,19.331177,beige,lightblue,wrench
Cliente4,81,27.964457,19.331177,27.964457,19.373195,lightgreen,lightblue,cloud
Cliente4,82,27.964457,19.373195,27.964457,19.338775,black,darkblue,star
Cliente4,83,27.964457,19.338775,27.964457,19.330257,darkpurple,darkpurple,credit-card
Cliente4,84,27.964457,19.330257,27.964457,19.362182,white,lightblue,volume-off
Cliente4,85,27.964457,19.362182,27.964457,19.336534,orange,darkpurple,bell
Cliente4,86,27.964457,19.336534,27.964457,19.330668,black,lightgreen,random
Cliente4,87,27.964457,19.330668,27.964457,19.334182,white,lightgray,comment
Cliente4,88,27.964457,19.334182,27.964457,19.330207,blue,black,cutlery
Cliente4,89,27.964457,19.330207,27.964457,19.406565,darkblue,beige,euro
Cliente4,90,27.964457,19.406565,27.964457,19.330278,purple,cadetblue,print
Cliente4,91,27.964457,19.330278,27.964457,19.334107,gray,lightgray,flag
Cliente4,92,27.964457,19.334107,27.964457,19.335185,lightblue,darkpurple,paperclip
Cliente4,93,27.964457,19.335185,27.964457,19.330248,purple,pink,user
Cliente4,94,27.964457,19.330248,27.964457,19.303581,lightgray,lightblue,chevron-up
Cliente4,95,27.964457,19.303581,27.964457,19.330248,darkred,lightgreen,volume-off
Cliente4,96,27.964457,19.330248,27.964457,19.374206,purple,green,book
Cliente4,97,27.964457,19.374206,27.964457,19.330259,red,lightred,comment
Cliente4,98,27.964457,19.330259,27.964457,19.334622,cadetblue,orange,comment
Cliente4,99,27.964457,19.334622,27.964457,19.330195,purple,beige,thumbs-up
Cliente4,100,27.964457,19.330195,27.964457,19.337921,black,white,th-list
Cliente4,101,27.964457,19.337921,27.964457,19.330944,green,cadetblue,align-right
Cliente4,102,27.964457,19.330944,27.964457,19.330944,white,lightgray,sort
